"pscreen.a","pscreen.b"
0.422708428370649,0.0469676031522943
3.47868194323518,0.815987122487264
1.56733387824515,0.321020191929731
1.10913992196204,0.180557661714751
0.306826042804325,0.0541457722595869
